org.sat4j.reader.InstanceReader,sat4j
org.sat4j.reader.EfficientScanner,sat4j
org.sat4j.reader.Reader,sat4j
org.sat4j.reader.AAGReader,sat4j
org.sat4j.reader.AAGReader.parseInstance(java.io,sat4j
org.sat4j.reader.JSONReader,sat4j
org.sat4j.reader.DimacsReader,sat4j
org.sat4j.reader.GroupedCNFReader,sat4j
org.sat4j.reader.AIGReader,sat4j
org.sat4j.reader.LecteurDimacs,sat4j
org.sat4j.reader.LecteurDimacs.decodeWithMapping(out,sat4j
org.sat4j.LightFactory,sat4j
org.sat4j.tools.TextOutputTracing,sat4j
org.sat4j.tools.StatisticsSolver,sat4j
org.sat4j.tools.NegationDecorator,sat4j
org.sat4j.tools.FullClauseSelectorSolver,sat4j
org.sat4j.tools.ClausalCardinalitiesDecorator,sat4j
org.sat4j.tools.ModelIterator,sat4j
org.sat4j.tools.RupSearchListener,sat4j
org.sat4j.tools.SubModelIterator,sat4j
org.sat4j.tools.encoding.Commander,sat4j
org.sat4j.tools.encoding.Binary,sat4j
org.sat4j.tools.encoding.Product,sat4j
org.sat4j.tools.encoding.Sequential,sat4j
org.sat4j.tools.encoding.Ladder,sat4j
org.sat4j.tools.encoding.Binomial,sat4j
org.sat4j.tools.encoding.Policy,sat4j
org.sat4j.tools.AllMUSes,sat4j
org.sat4j.tools.GateTranslator,sat4j
org.sat4j.tools.DimacsOutputSolver,sat4j
org.sat4j.tools.DimacsStringSolver,sat4j
org.sat4j.tools.Backbone.Backboner,sat4j
org.sat4j.tools.Backbone.Backboner$1,sat4j
org.sat4j.tools.Backbone,sat4j
org.sat4j.tools.SpeedTracing,sat4j
org.sat4j.tools.SolutionCounter,sat4j
org.sat4j.tools.xplain.InsertionStrategy,sat4j
org.sat4j.tools.xplain.DeletionStrategy,sat4j
org.sat4j.tools.xplain.QuickXplainStrategy,sat4j
org.sat4j.tools.xplain.QuickXplain2001Strategy,sat4j
org.sat4j.tools.SearchMinOneListener,sat4j
org.sat4j.tools.OptToSatAdapter,sat4j
org.sat4j.tools.DotSearchTracing,sat4j
org.sat4j.tools.CheckMUSSolutionListener,sat4j
org.sat4j.tools.RemiUtils,sat4j
org.sat4j.tools.ManyCore,sat4j
org.sat4j.tools.AbstractClauseSelectorSolver,sat4j
org.sat4j.tools.LexicoDecorator,sat4j
org.sat4j.tools.Minimal4InclusionModel,sat4j
org.sat4j.tools.SingleSolutionDetector,sat4j
org.sat4j.tools.ExtendedDimacsArrayReader,sat4j
org.sat4j.tools.GroupClauseSelectorSolver,sat4j
org.sat4j.tools.Minimal4CardinalityModel,sat4j
org.sat4j.core.ASolverFactory,sat4j
org.sat4j.core.EmptyVecInt,sat4j
org.sat4j.core.Vec,sat4j
org.sat4j.core.Vec.Iterator$1,sat4j
org.sat4j.core.ConstrGroup,sat4j
org.sat4j.core.VecInt,sat4j
org.sat4j.core.VecInt.IteratorInt$1,sat4j
org.sat4j.minisat.core.ActivityLCDS,sat4j
org.sat4j.minisat.core.WatcherBasedPrimeImplicantStrategy,sat4j
org.sat4j.minisat.core.SearchParams,sat4j
org.sat4j.minisat.core.QuadraticPrimeImplicantStrategy,sat4j
org.sat4j.minisat.core.IntQueue,sat4j
org.sat4j.minisat.core.AgeLCDS,sat4j
org.sat4j.minisat.core.CircularBuffer,sat4j
org.sat4j.minisat.core.SizeLCDS,sat4j
org.sat4j.minisat.core.GlucoseLCDS,sat4j
org.sat4j.minisat.core.Heap,sat4j
org.sat4j.minisat.core.Glucose2LCDS,sat4j
org.sat4j.minisat.core.Solver,sat4j
org.sat4j.minisat.core.Solver.LearnedConstraintsDeletionStrategy$1,sat4j
org.sat4j.minisat.core.Solver.Comparator$1,sat4j
org.sat4j.minisat.core.ActivityComparator,sat4j
org.sat4j.minisat.core.CounterBasedPrimeImplicantStrategy,sat4j
org.sat4j.minisat.core.SolverStats,sat4j
org.sat4j.minisat.core.SizeComparator,sat4j
org.sat4j.minisat.constraints.xor.Xor,sat4j
org.sat4j.minisat.constraints.card.AtLeast,sat4j
org.sat4j.minisat.constraints.card.MaxWatchCard,sat4j
org.sat4j.minisat.constraints.card.MinWatchCard,sat4j
org.sat4j.minisat.constraints.MixedDataStructureDanielHT,sat4j
org.sat4j.minisat.constraints.MixedDataStructureDanielWLConciseBinary,sat4j
org.sat4j.minisat.constraints.MixedDataStructureDanielWL,sat4j
org.sat4j.minisat.constraints.cnf.HTClause,sat4j
org.sat4j.minisat.constraints.cnf.OriginalWLClause,sat4j
org.sat4j.minisat.constraints.cnf.Clauses,sat4j
org.sat4j.minisat.constraints.cnf.UnitClauses,sat4j
org.sat4j.minisat.constraints.cnf.LearntHTClause,sat4j
org.sat4j.minisat.constraints.cnf.Lits,sat4j
org.sat4j.minisat.constraints.cnf.BinaryClauses,sat4j
org.sat4j.minisat.constraints.cnf.UnitClause,sat4j
org.sat4j.minisat.constraints.cnf.LearntWLClause,sat4j
org.sat4j.minisat.constraints.cnf.OriginalHTClause,sat4j
org.sat4j.minisat.constraints.cnf.WLClause,sat4j
org.sat4j.minisat.constraints.cnf.CBClause,sat4j
org.sat4j.minisat.constraints.cnf.BinaryClause,sat4j
org.sat4j.minisat.constraints.ClausalDataStructureWL,sat4j
org.sat4j.minisat.constraints.MixedDataStructureSingleWL,sat4j
org.sat4j.minisat.learning.ActiveLearning,sat4j
org.sat4j.minisat.restarts.Glucose21Restarts,sat4j
org.sat4j.minisat.orders.LevelAndActivityVariableComparator,sat4j
org.sat4j.minisat.orders.SubsetVarOrder,sat4j
org.sat4j.minisat.orders.TabuListDecorator,sat4j
org.sat4j.minisat.orders.RandomWalkDecorator,sat4j
org.sat4j.minisat.orders.VarOrderHeap,sat4j
org.sat4j.minisat.orders.ValuedLit,sat4j
org.sat4j.minisat.orders.AbstractPhaserecordingSelectionStrategy,sat4j
org.sat4j.minisat.orders.RandomLiteralSelectionStrategy,sat4j
org.sat4j.minisat.orders.NaturalStaticOrder,sat4j
org.sat4j.minisat.orders.LevelBasedVarOrderHeap,sat4j
org.sat4j.minisat.orders.PureOrder,sat4j
org.sat4j.AbstractLauncher,sat4j
org.sat4j.Messages,sat4j
org.sat4j.DecisionMode,sat4j
org.sat4j.opt.MinOneDecorator,sat4j
org.sat4j.opt.MaxSatDecorator,sat4j
org.sat4j.opt.AbstractSelectorVariablesDecorator,sat4j
org.sat4j.BasicLauncher,sat4j
org.sat4j.OptimizationMode,sat4j
org.sat4j.MUSLauncher,sat4j
org.ow2.proactive.scripting.ScriptTest.ScriptForTests,proactive
org.ow2.proactive.scripting.helper.selection.SelectionUtilsTest,proactive
org.ow2.proactive.topology.descriptor.ThresholdProximityDescriptor,proactive
org.ow2.proactive.topology.descriptor.BestProximityDescriptor.DistanceFunction$1,proactive
org.ow2.proactive.scripting.SelectionScript,proactive
org.ow2.proactive.scripting.TaskScript,proactive
org.ow2.proactive.scripting.Script,proactive
org.ow2.proactive.scripting.helper.progress.ProgressFile,proactive
org.ow2.proactive.scripting.helper.forkenvironment.ForkEnvironmentScriptResultExtractor,proactive
org.ow2.proactive.core.properties.PACommonPropertiesHelper,proactive
org.ow2.proactive.utils.Environment.POSIX,proactive
org.ow2.proactive.utils.Environment,proactive
org.ow2.proactive.utils.OperatingSystem,proactive
org.ow2.proactive.utils.FileUtils,proactive
org.ow2.proactive.utils.PAProperties,proactive
org.ow2.proactive.utils.BoundedStringWriter,proactive
org.ow2.proactive.utils.ObjectArrayFormatter,proactive
org.ow2.proactive.utils.PAPropertiesLazyLoader,proactive
org.ow2.proactive.utils.Tools,proactive
org.ow2.proactive.utils.ClasspathUtils,proactive
org.ow2.proactive.utils.Version,proactive
org.ow2.proactive.http.CommonHttpResourceDownloader,proactive
org.ow2.proactive.http.CommonHttpClientBuilder,proactive
