AbstractChartRenderer.java,de.progra.charting.render.AbstractChartRenderer,org.pitest.mutationtest.engine.gregor.mutators.experimental.MemberVariableMutator,<init>,82,NO_COVERAGE,none
AbstractChartRenderer.java,de.progra.charting.render.AbstractChartRenderer,org.pitest.mutationtest.engine.gregor.mutators.experimental.MemberVariableMutator,<init>,70,NO_COVERAGE,none
AbstractChartRenderer.java,de.progra.charting.render.AbstractChartRenderer,org.pitest.mutationtest.engine.gregor.mutators.experimental.MemberVariableMutator,<init>,56,NO_COVERAGE,none
AbstractChartRenderer.java,de.progra.charting.render.AbstractChartRenderer,org.pitest.mutationtest.engine.gregor.mutators.NullReturnValsMutator,getBounds,91,NO_COVERAGE,none
AbstractChartRenderer.java,de.progra.charting.render.AbstractChartRenderer,org.pitest.mutationtest.engine.gregor.mutators.ReturnValsMutator,getBounds,91,NO_COVERAGE,none
AbstractChartRenderer.java,de.progra.charting.render.AbstractChartRenderer,org.pitest.mutationtest.engine.gregor.mutators.NullReturnValsMutator,getChartDataModel,138,NO_COVERAGE,none
AbstractChartRenderer.java,de.progra.charting.render.AbstractChartRenderer,org.pitest.mutationtest.engine.gregor.mutators.ReturnValsMutator,getChartDataModel,138,NO_COVERAGE,none
AbstractChartRenderer.java,de.progra.charting.render.AbstractChartRenderer,org.pitest.mutationtest.engine.gregor.mutators.NullReturnValsMutator,getCoordSystem,159,NO_COVERAGE,none
AbstractChartRenderer.java,de.progra.charting.render.AbstractChartRenderer,org.pitest.mutationtest.engine.gregor.mutators.ReturnValsMutator,getCoordSystem,159,NO_COVERAGE,none
AbstractChartRenderer.java,de.progra.charting.render.AbstractChartRenderer,org.pitest.mutationtest.engine.gregor.mutators.NullReturnValsMutator,getPointToPixelTranslator,154,NO_COVERAGE,none
AbstractChartRenderer.java,de.progra.charting.render.AbstractChartRenderer,org.pitest.mutationtest.engine.gregor.mutators.ReturnValsMutator,getPointToPixelTranslator,154,NO_COVERAGE,none
AbstractChartRenderer.java,de.progra.charting.render.AbstractChartRenderer,org.pitest.mutationtest.engine.gregor.mutators.ConstructorCallMutator,getPreferredSize,98,NO_COVERAGE,none
AbstractChartRenderer.java,de.progra.charting.render.AbstractChartRenderer,org.pitest.mutationtest.engine.gregor.mutators.InlineConstantMutator,getPreferredSize,98,NO_COVERAGE,none
AbstractChartRenderer.java,de.progra.charting.render.AbstractChartRenderer,org.pitest.mutationtest.engine.gregor.mutators.InlineConstantMutator,getPreferredSize,98,NO_COVERAGE,none
AbstractChartRenderer.java,de.progra.charting.render.AbstractChartRenderer,org.pitest.mutationtest.engine.gregor.mutators.NullReturnValsMutator,getPreferredSize,98,NO_COVERAGE,none
AbstractChartRenderer.java,de.progra.charting.render.AbstractChartRenderer,org.pitest.mutationtest.engine.gregor.mutators.ReturnValsMutator,getPreferredSize,98,NO_COVERAGE,none
AbstractChartRenderer.java,de.progra.charting.render.AbstractChartRenderer,org.pitest.mutationtest.engine.gregor.mutators.NullReturnValsMutator,getRowColorModel,188,NO_COVERAGE,none
AbstractChartRenderer.java,de.progra.charting.render.AbstractChartRenderer,org.pitest.mutationtest.engine.gregor.mutators.ReturnValsMutator,getRowColorModel,188,NO_COVERAGE,none
AbstractChartRenderer.java,de.progra.charting.render.AbstractChartRenderer,org.pitest.mutationtest.engine.gregor.mutators.NonVoidMethodCallMutator,getTransform,174,NO_COVERAGE,none
AbstractChartRenderer.java,de.progra.charting.render.AbstractChartRenderer,org.pitest.mutationtest.engine.gregor.mutators.NonVoidMethodCallMutator,getTransform,174,NO_COVERAGE,none
AbstractChartRenderer.java,de.progra.charting.render.AbstractChartRenderer,org.pitest.mutationtest.engine.gregor.mutators.NullReturnValsMutator,getTransform,174,NO_COVERAGE,none
AbstractChartRenderer.java,de.progra.charting.render.AbstractChartRenderer,org.pitest.mutationtest.engine.gregor.mutators.ReturnValsMutator,getTransform,174,NO_COVERAGE,none
AbstractChartRenderer.java,de.progra.charting.render.AbstractChartRenderer,org.pitest.mutationtest.engine.gregor.mutators.NonVoidMethodCallMutator,render,108,NO_COVERAGE,none
AbstractChartRenderer.java,de.progra.charting.render.AbstractChartRenderer,org.pitest.mutationtest.engine.gregor.mutators.NonVoidMethodCallMutator,render,109,NO_COVERAGE,none
AbstractChartRenderer.java,de.progra.charting.render.AbstractChartRenderer,org.pitest.mutationtest.engine.gregor.mutators.NonVoidMethodCallMutator,render,110,NO_COVERAGE,none
AbstractChartRenderer.java,de.progra.charting.render.AbstractChartRenderer,org.pitest.mutationtest.engine.gregor.mutators.NonVoidMethodCallMutator,render,110,NO_COVERAGE,none
AbstractChartRenderer.java,de.progra.charting.render.AbstractChartRenderer,org.pitest.mutationtest.engine.gregor.mutators.NonVoidMethodCallMutator,render,110,NO_COVERAGE,none
AbstractChartRenderer.java,de.progra.charting.render.AbstractChartRenderer,org.pitest.mutationtest.engine.gregor.mutators.NonVoidMethodCallMutator,render,110,NO_COVERAGE,none
AbstractChartRenderer.java,de.progra.charting.render.AbstractChartRenderer,org.pitest.mutationtest.engine.gregor.mutators.VoidMethodCallMutator,render,110,NO_COVERAGE,none
AbstractChartRenderer.java,de.progra.charting.render.AbstractChartRenderer,org.pitest.mutationtest.engine.gregor.mutators.VoidMethodCallMutator,render,111,NO_COVERAGE,none
AbstractChartRenderer.java,de.progra.charting.render.AbstractChartRenderer,org.pitest.mutationtest.engine.gregor.mutators.VoidMethodCallMutator,render,112,NO_COVERAGE,none
AbstractChartRenderer.java,de.progra.charting.render.AbstractChartRenderer,org.pitest.mutationtest.engine.gregor.mutators.experimental.MemberVariableMutator,setBounds,124,NO_COVERAGE,none
AbstractChartRenderer.java,de.progra.charting.render.AbstractChartRenderer,org.pitest.mutationtest.engine.gregor.mutators.experimental.MemberVariableMutator,setChartDataModel,131,NO_COVERAGE,none
AbstractChartRenderer.java,de.progra.charting.render.AbstractChartRenderer,org.pitest.mutationtest.engine.gregor.mutators.experimental.MemberVariableMutator,setCoordSystem,167,NO_COVERAGE,none
AbstractChartRenderer.java,de.progra.charting.render.AbstractChartRenderer,org.pitest.mutationtest.engine.gregor.mutators.experimental.MemberVariableMutator,setPointToPixelTranslator,146,NO_COVERAGE,none
AbstractChartRenderer.java,de.progra.charting.render.AbstractChartRenderer,org.pitest.mutationtest.engine.gregor.mutators.experimental.MemberVariableMutator,setRowColorModel,181,NO_COVERAGE,none
